-- Requêtes SQL pour migrer les données vers D1
-- À exécuter dans la console D1 de Cloudflare

INSERT OR REPLACE INTO categories (id, name, icon, description, createdAt) VALUES ('46', 'Cali top SHELF 5A🇺🇸', '🏷️', '', '2025-10-15T18:07:50.742Z');
INSERT OR REPLACE INTO categories (id, name, icon, description, createdAt) VALUES ('55', 'Fresh Frozen 🥶', '🏷️', '', '2025-10-15T18:07:50.742Z');
INSERT OR REPLACE INTO categories (id, name, icon, description, createdAt) VALUES ('56', 'Single Source 130/90u ⚫️', '🏷️', '', '2025-10-15T18:07:50.742Z');
INSERT OR REPLACE INTO categories (id, name, icon, description, createdAt) VALUES ('60', 'CALI BRAND 🇺🇸', '🏷️', '', '2025-10-15T18:07:50.742Z');
INSERT OR REPLACE INTO categories (id, name, icon, description, createdAt) VALUES ('63', 'CALI TOP SHELF 5A DISTRO 🇺🇸', '🏷️', '', '2025-10-15T18:07:50.742Z');
INSERT OR REPLACE INTO categories (id, name, icon, description, createdAt) VALUES ('65', 'EGGS 🥚', '🏷️', '', '2025-10-15T18:07:50.742Z');
INSERT OR REPLACE INTO categories (id, name, icon, description, createdAt) VALUES ('66', 'VAP USA 🇺🇸💨', '🏷️', '', '2025-10-15T18:07:50.742Z');
INSERT OR REPLACE INTO categories (id, name, icon, description, createdAt) VALUES ('67', 'CALI ORIGINAL 🇺🇸', '🏷️', '', '2025-10-15T18:07:50.742Z');
INSERT OR REPLACE INTO categories (id, name, icon, description, createdAt) VALUES ('68', 'TOP SHELF DISTRO 5A 🇺🇸', '🏷️', '', '2025-10-15T18:07:50.742Z');
INSERT OR REPLACE INTO categories (id, name, icon, description, createdAt) VALUES ('69', 'SINGLE SOURCE STATIC SOURCE USA 🇺🇸', '🏷️', '', '2025-10-15T18:07:50.742Z');
INSERT OR REPLACE INTO categories (id, name, icon, description, createdAt) VALUES ('70', 'Tout nos PSG STATIC USA 🇺🇸', '🏷️', '', '2025-10-15T18:07:50.742Z');
INSERT OR REPLACE INTO categories (id, name, icon, description, createdAt) VALUES ('71', '🇲🇦FRESH FROZEN🇮🇹', '🏷️', '', '2025-10-15T18:07:50.742Z');
INSERT OR REPLACE INTO categories (id, name, icon, description, createdAt) VALUES ('72', 'CALI PLATES REGULAR 🌞🌞🚀🚀🇺🇸🇺🇸🤴🤴', '🏷️', '', '2025-10-15T18:07:50.742Z');
INSERT OR REPLACE INTO categories (id, name, icon, description, createdAt) VALUES ('73', 'STATIC SIFT', '🏷️', '', '2025-10-15T18:07:50.742Z');
INSERT OR REPLACE INTO categories (id, name, icon, description, createdAt) VALUES ('74', 'FILTRER 120U 🇲🇦', '🏷️', '', '2025-10-15T18:07:50.742Z');
INSERT OR REPLACE INTO categories (id, name, icon, description, createdAt) VALUES ('75', 'KING FROZEN 🥶', '🏷️', '', '2025-10-15T18:07:50.742Z');
INSERT OR REPLACE INTO categories (id, name, icon, description, createdAt) VALUES ('45', 'WEED HOLLANDAISE 🇳🇱', 'https://pub-bfd3c1d6df2a4c7bb878eabd4bc9c4ec.r2.dev/1760491093717-1760268026387-5s5oducnfw3.jpeg', ' ', '2025-10-15T18:07:50.742Z');
INSERT OR REPLACE INTO categories (id, name, icon, description, createdAt) VALUES ('test-cat-1760551558772', 'Test Catégorie Admin', '🧪', 'Catégorie créée via panel admin', '2025-10-15T18:07:50.742Z');
INSERT OR REPLACE INTO farms (id, name, image, description, createdAt) VALUES ('20', '🇳🇱 NL COFFEE SHOP 🇳🇱', '', 'Production CALITEK', '2025-10-15T18:07:50.742Z');
INSERT OR REPLACE INTO farms (id, name, image, description, createdAt) VALUES ('30', 'Cali top SHELF 🇺🇸', '', '', '2025-10-15T18:07:50.742Z');
INSERT OR REPLACE INTO farms (id, name, image, description, createdAt) VALUES ('34', 'Sahas Terps 🚀', '', '', '2025-10-15T18:07:50.742Z');
INSERT OR REPLACE INTO farms (id, name, image, description, createdAt) VALUES ('35', 'Wizzard Trees 🌳🪄', '', '', '2025-10-15T18:07:50.742Z');
INSERT OR REPLACE INTO farms (id, name, image, description, createdAt) VALUES ('36', '🦀 THE TEN CO 🦀', '', '', '2025-10-15T18:07:50.742Z');
INSERT OR REPLACE INTO farms (id, name, image, description, createdAt) VALUES ('37', 'Cali top SHELF distro 🇺🇸', '', '', '2025-10-15T18:07:50.742Z');
INSERT OR REPLACE INTO farms (id, name, image, description, createdAt) VALUES ('38', 'Mariposa Farmz 🦋', '', '', '2025-10-15T18:07:50.742Z');
INSERT OR REPLACE INTO farms (id, name, image, description, createdAt) VALUES ('39', 'POPEYE STATIC GROWER PSG FARMZ 🥚', '', '', '2025-10-15T18:07:50.742Z');
INSERT OR REPLACE INTO farms (id, name, image, description, createdAt) VALUES ('40', '🥫PSG FARMZ🥫', '', '', '2025-10-15T18:07:50.742Z');
INSERT OR REPLACE INTO farms (id, name, image, description, createdAt) VALUES ('41', 'Katrina Farmz usa 🇺🇸', '', '', '2025-10-15T18:07:50.742Z');
INSERT OR REPLACE INTO farms (id, name, image, description, createdAt) VALUES ('42', 'DISTRO 4A ++ 🇺🇸🧑‍💻', '', '', '2025-10-15T18:07:50.742Z');
INSERT OR REPLACE INTO farms (id, name, image, description, createdAt) VALUES ('43', 'CALI ALL BLACK FARMZ 🏴‍☠️', '', '', '2025-10-15T18:07:50.742Z');
INSERT OR REPLACE INTO farms (id, name, image, description, createdAt) VALUES ('44', 'HASHIVA FARMZ 🇺🇸🔵', '', '', '2025-10-15T18:07:50.742Z');
INSERT OR REPLACE INTO farms (id, name, image, description, createdAt) VALUES ('45', 'POPEYE STATIC GROWER Usa 🇺🇸🇺🇸🚀🚀🧑‍💻🧑‍💻 PSG FARMZ', '', '', '2025-10-15T18:07:50.742Z');
INSERT OR REPLACE INTO farms (id, name, image, description, createdAt) VALUES ('46', '👑KINKS FARMS 👑', '', '', '2025-10-15T18:07:50.742Z');
INSERT OR REPLACE INTO farms (id, name, image, description, createdAt) VALUES ('47', 'REGULAR EDITION ‼️‼️🦈', '', '', '2025-10-15T18:07:50.742Z');
INSERT OR REPLACE INTO farms (id, name, image, description, createdAt) VALUES ('48', 'CALI PLATES PREMIUM 🌞🌞🚀🚀🦈🇺🇸🇺🇸', '', '', '2025-10-15T18:07:50.742Z');
INSERT OR REPLACE INTO farms (id, name, image, description, createdAt) VALUES ('49', 'CALIPLATE PRENIUM STATIC 🖤', '', '', '2025-10-15T18:07:50.742Z');
INSERT OR REPLACE INTO farms (id, name, image, description, createdAt) VALUES ('50', 'CALIPLATE REGULAR EDIDTION ☑️', '', '', '2025-10-15T18:07:50.742Z');
INSERT OR REPLACE INTO farms (id, name, image, description, createdAt) VALUES ('51', 'SASUKER FARM 🇲🇦', '', '', '2025-10-15T18:07:50.742Z');
INSERT OR REPLACE INTO farms (id, name, image, description, createdAt) VALUES ('52', 'NO FARM 🇲🇦', '', '', '2025-10-15T18:07:50.742Z');
INSERT OR REPLACE INTO farms (id, name, image, description, createdAt) VALUES ('test-farm-1760551559234', 'Test Farm Admin', '', 'Farm créée via panel admin', '2025-10-15T18:07:50.742Z');
INSERT OR REPLACE INTO products (id, name, description, category, farm, photo, video, image, medias, variants, price, createdAt, updatedAt) VALUES ('204', 'yuzu caviar 🍋🇯🇵', 'Hash Rosin 2g ( +1000 taff ) 90% THC penser à la charger +MP 25-50-100 dispo Direct Order', '66', '41', 'https://pub-b38679a01a274648827751df94818418.r2.dev/images/1759554056886-0qz8vi3cadk.jpeg', '', '', '[]', '[{"name":"1 Vape","price":"110€"},{"name":"2 Vapes","price":"210€"},{"name":"3 Vapes","price":"300€"},{"name":"5 Vapes","price":"450€"}]', '110€', '2025-10-15 00:50:17', '2025-10-15 00:50:17');
INSERT OR REPLACE INTO products (id, name, description, category, farm, photo, video, image, medias, variants, price, createdAt, updatedAt) VALUES ('205', 'Marker Z 🥊', 'Hash Rosin 2g ( +1000 taff ) 90% THC penser à la charger +MP 25-50-100 dispo Direct Order', '66', '41', 'https://pub-b38679a01a274648827751df94818418.r2.dev/images/1759554127718-ywlky3imxo.jpeg', '', '', '[]', '[{"name":"1 Vape","price":"110€"},{"name":"2 Vapes","price":"210€"},{"name":"3 Vapes","price":"300€"},{"name":"5 Vapes","price":"450€"}]', '110€', '2025-10-15 00:50:17', '2025-10-15 00:50:17');
INSERT OR REPLACE INTO products (id, name, description, category, farm, photo, video, image, medias, variants, price, createdAt, updatedAt) VALUES ('206', 'red Papaya 🔴🥭', 'Hash Rosin 2g ( +1000 taff ) 90% THC penser à la charger +MP 25-50-100 dispo Direct Order', '66', '41', 'https://pub-b38679a01a274648827751df94818418.r2.dev/images/1759554233043-f8i6ivrrz0q.jpeg', '', '', '[]', '[{"name":"1 Vape","price":"110€"},{"name":"2 Vapes","price":"210€"},{"name":"3 Vapes","price":"300€"},{"name":"5 Vapes","price":"450€"}]', '110€', '2025-10-15 00:50:17', '2025-10-15 00:50:17');
INSERT OR REPLACE INTO products (id, name, description, category, farm, photo, video, image, medias, variants, price, createdAt, updatedAt) VALUES ('207', 'permanent Marker 🧠', '', '67', '42', 'https://pub-b38679a01a274648827751df94818418.r2.dev/images/1759554349080-s8cbmwydufd.jpeg', 'https://pub-b38679a01a274648827751df94818418.r2.dev/images/1759554362610-mrj3a80sekb.mp4', '', '[]', '[{"name":"3,5g","price":"50€"},{"name":"10g","price":"140€"},{"name":"28g","price":"340€"},{"name":"56g","price":"620€"},{"name":"100g","price":"950€"},{"name":"448g ( Hors IDF )","price":"3000€"},{"name":"448g ( Paris )","price":"3500€"}]', '50€', '2025-10-15 00:50:17', '2025-10-15 00:50:17');
INSERT OR REPLACE INTO products (id, name, description, category, farm, photo, video, image, medias, variants, price, createdAt, updatedAt) VALUES ('208', 'Candy Runtz 🌈', '', '67', '42', 'https://pub-b38679a01a274648827751df94818418.r2.dev/images/1759554452638-3c0ciqh30ft.jpeg', 'https://pub-b38679a01a274648827751df94818418.r2.dev/images/1759554456438-zurzf7q0nqo.mp4', '', '[]', '[{"name":"3,5g","price":"50€"},{"name":"10g","price":"140€"},{"name":"28g","price":"340€"},{"name":"56g","price":"620€"},{"name":"100g","price":"950€"},{"name":"448g ( Hors IDF )","price":"3000€"},{"name":"448g ( IDF )","price":"3500€"}]', '50€', '2025-10-15 00:50:17', '2025-10-15 00:50:17');
INSERT OR REPLACE INTO products (id, name, description, category, farm, photo, video, image, medias, variants, price, createdAt, updatedAt) VALUES ('209', 'lemon cherry Gelato 🍋🍒🍨', '', '67', '42', 'https://pub-b38679a01a274648827751df94818418.r2.dev/images/1759554604133-0k4mhlhlzdj7.jpeg', 'https://pub-b38679a01a274648827751df94818418.r2.dev/images/1759554608000-zcvwj7zagb.mp4', '', '[]', '[{"name":"3,5g","price":"50€"},{"name":"10g","price":"140€"},{"name":"28g","price":"340€"},{"name":"56g","price":"620€"},{"name":"100g","price":"950€"},{"name":"448g ( Hors IDF )","price":"3000€"},{"name":"448g ( IDF )","price":"3500€"}]', '50€', '2025-10-15 00:50:17', '2025-10-15 00:50:17');
INSERT OR REPLACE INTO products (id, name, description, category, farm, photo, video, image, medias, variants, price, createdAt, updatedAt) VALUES ('242', 'Lemon Sherbet ', '', '74', '52', 'https://pub-b38679a01a274648827751df94818418.r2.dev/images/1760349665749-yvp8v4fnlq.jpeg', 'https://pub-b38679a01a274648827751df94818418.r2.dev/images/1760349677877-s4chf8kdms.mp4', '', '[]', '[{"name":"25g","price":"180€"},{"name":"50g","price":"300€"},{"name":"100g","price":"580€"}]', '180€', '2025-10-15 00:47:27', '2025-10-15 02:47:36');
INSERT OR REPLACE INTO products (id, name, description, category, farm, photo, video, image, medias, variants, price, createdAt, updatedAt) VALUES ('241', 'Forbidden Fruits ', '', '75', '51', 'https://pub-b38679a01a274648827751df94818418.r2.dev/images/1760349618145-0x0mt6osesxh.jpeg', 'https://pub-b38679a01a274648827751df94818418.r2.dev/images/1760349622004-8e2wynxzmdw.mp4', '', '[]', '[{"name":"25g","price":"250€"},{"name":"50g","price":"430€"},{"name":"100g","price":"800€"}]', '250€', '2025-10-15 00:47:25', '2025-10-15 02:47:36');
INSERT OR REPLACE INTO products (id, name, description, category, farm, photo, video, image, medias, variants, price, createdAt, updatedAt) VALUES ('240', 'HashBurger S1', '', '75', '51', 'https://pub-b38679a01a274648827751df94818418.r2.dev/images/1760349477222-6fmq4owv8y3.jpeg', 'https://pub-b38679a01a274648827751df94818418.r2.dev/images/1760349493523-dmsypgl73ks.mp4', '', '[]', '[{"name":"25g","price":"250€"},{"name":"50g","price":"430€"},{"name":"100g","price":"800€"}]', '250€', '2025-10-15 00:47:24', '2025-10-15 02:47:36');
INSERT OR REPLACE INTO products (id, name, description, category, farm, photo, video, image, medias, variants, price, createdAt, updatedAt) VALUES ('239', 'Triple Mango', '', '74', '51', 'https://pub-b38679a01a274648827751df94818418.r2.dev/images/1760349220136-rxtxp7gkbq.jpeg', 'https://pub-b38679a01a274648827751df94818418.r2.dev/images/1760349249981-c6yn52qdvpg.mp4', '', '[]', '[{"name":"25g","price":"200€"},{"name":"50g","price":"330€"},{"name":"100g","price":"600€"}]', '200€', '2025-10-15 00:47:22', '2025-10-15 02:47:36');
INSERT OR REPLACE INTO products (id, name, description, category, farm, photo, video, image, medias, variants, price, createdAt, updatedAt) VALUES ('238', 'Orange Slushi', '', '74', '51', 'https://pub-b38679a01a274648827751df94818418.r2.dev/images/1760349155468-hfggy0qs1rn.jpeg', 'https://pub-b38679a01a274648827751df94818418.r2.dev/images/1760349169086-hal7rvijt7m.mp4', '', '[]', '[{"name":"25g","price":"200€"},{"name":"50g","price":"330€"},{"name":"100g","price":"600€"}]', '200€', '2025-10-15 00:47:21', '2025-10-15 02:47:36');
INSERT OR REPLACE INTO products (id, name, description, category, farm, photo, video, image, medias, variants, price, createdAt, updatedAt) VALUES ('237', 'Berry Crunch', '', '74', '51', 'https://pub-b38679a01a274648827751df94818418.r2.dev/images/1760349051724-vqgvu6fuxpb.jpeg', 'https://pub-b38679a01a274648827751df94818418.r2.dev/images/1760349068051-lcddsvloy6.mp4', '', '[]', '[{"name":"25g","price":"200€"},{"name":"50g","price":"330€"},{"name":"100g","price":"600€"}]', '200€', '2025-10-15 00:47:19', '2025-10-15 02:47:36');
INSERT OR REPLACE INTO products (id, name, description, category, farm, photo, video, image, medias, variants, price, createdAt, updatedAt) VALUES ('236', 'Girl scoot cookie 🍪 ', '', '73', '50', 'https://pub-b38679a01a274648827751df94818418.r2.dev/images/1759681026448-pr9ua0fc1cn.jpeg', 'https://pub-b38679a01a274648827751df94818418.r2.dev/images/1759681030483-l3fjh96cmmf.mp4', '', '[]', '[{"name":"5g","price":"140€"},{"name":"10g","price":"260€"},{"name":"20g","price":"500€"}]', '140€', '2025-10-15 00:47:18', '2025-10-15 02:47:36');
INSERT OR REPLACE INTO products (id, name, description, category, farm, photo, video, image, medias, variants, price, createdAt, updatedAt) VALUES ('235', 'Gushmints 🐻🍑', '', '73', '49', 'https://pub-b38679a01a274648827751df94818418.r2.dev/images/1759680931711-qe39l0qwrk.jpeg', 'https://pub-b38679a01a274648827751df94818418.r2.dev/images/1759680985030-wu0al3pso4p.mp4', '', '[]', '[{"name":"5g","price":"140€"},{"name":"10g","price":"260€"},{"name":"20g","price":"500€"}]', '140€', '2025-10-15 00:47:17', '2025-10-15 02:47:36');
INSERT OR REPLACE INTO products (id, name, description, category, farm, photo, video, image, medias, variants, price, createdAt, updatedAt) VALUES ('234', 'gushmints 🐻', '', '72', '47', 'https://pub-b38679a01a274648827751df94818418.r2.dev/images/1759680753452-qroojyi1a8.jpeg', 'https://pub-b38679a01a274648827751df94818418.r2.dev/images/1759680757135-ck9tsqo36fb.mp4', '', '[]', '[{"name":"5g","price":"120€"},{"name":"10g","price":"220€"},{"name":"20g","price":"400€"},{"name":"50g","price":"800€"},{"name":"100g","price":"1500€"},{"name":"500g","price":"7000€"},{"name":"1kg","price":"13000€"}]', '120€', '2025-10-15 00:47:15', '2025-10-15 02:47:36');
INSERT OR REPLACE INTO products (id, name, description, category, farm, photo, video, image, medias, variants, price, createdAt, updatedAt) VALUES ('233', 'tangie 🍋🍊', '', '72', '47', 'https://pub-b38679a01a274648827751df94818418.r2.dev/images/1759680577350-unettr3vebk.jpeg', 'https://pub-b38679a01a274648827751df94818418.r2.dev/images/1759680589795-5gg7mzgsrjg.mp4', '', '[]', '[{"name":"5g","price":"120€"},{"name":"10g","price":"220€"},{"name":"20g","price":"400€"},{"name":"50g","price":"800€"},{"name":"100g","price":"1500€"},{"name":"500g","price":"7000€"},{"name":"1kg","price":"13000€"}]', '120€', '2025-10-15 00:47:14', '2025-10-15 02:47:36');
INSERT OR REPLACE INTO products (id, name, description, category, farm, photo, video, image, medias, variants, price, createdAt, updatedAt) VALUES ('232', 'White runtz 🌈', '', '72', '47', 'https://pub-b38679a01a274648827751df94818418.r2.dev/images/1759680351083-47t84wynd4b.jpeg', 'https://pub-b38679a01a274648827751df94818418.r2.dev/images/1759680381701-ujfmtt84bm.mp4', '', '[]', '[{"name":"5g","price":"120€"},{"name":"10g","price":"220€"},{"name":"20g","price":"400€"},{"name":"50g","price":"800€"},{"name":"100g","price":"1500€"},{"name":"500g","price":"7000€"},{"name":"1kg","price":"13000€"}]', '120€', '2025-10-15 00:47:12', '2025-10-15 02:47:36');
INSERT OR REPLACE INTO products (id, name, description, category, farm, photo, video, image, medias, variants, price, createdAt, updatedAt) VALUES ('231', 'Gelato #33 🍦🍨', '', '72', '47', 'https://pub-b38679a01a274648827751df94818418.r2.dev/images/1759680274402-xy2brlz798h.jpeg', 'https://pub-b38679a01a274648827751df94818418.r2.dev/images/1759680289720-msow6h67og.mp4', '', '[]', '[{"name":"5g","price":"120€"},{"name":"10g","price":"220€"},{"name":"20g","price":"400€"},{"name":"50g","price":"800€"},{"name":"100g","price":"1500€"},{"name":"500g","price":"7000€"},{"name":"1kg","price":"13000€"}]', '120€', '2025-10-15 00:47:11', '2025-10-15 02:47:36');
INSERT OR REPLACE INTO products (id, name, description, category, farm, photo, video, image, medias, variants, price, createdAt, updatedAt) VALUES ('230', 'Wedding cake 🏆🧁', '', '72', '47', 'https://pub-b38679a01a274648827751df94818418.r2.dev/images/1759680142793-cdu36epl5aa.jpeg', 'https://pub-b38679a01a274648827751df94818418.r2.dev/images/1759680146722-58cjoe2bqwd.mp4', '', '[]', '[{"name":"5g","price":"120€"},{"name":"10g","price":"220€"},{"name":"20g","price":"400€"},{"name":"50g","price":"800€"},{"name":"100g","price":"1500€"},{"name":"500g","price":"7000€"},{"name":"1kg","price":"13000€"}]', '120€', '2025-10-15 00:47:10', '2025-10-15 02:47:36');
INSERT OR REPLACE INTO products (id, name, description, category, farm, photo, video, image, medias, variants, price, createdAt, updatedAt) VALUES ('229', '-P.M BENNY PIE 🍪🥧', '', '71', '46', 'https://pub-b38679a01a274648827751df94818418.r2.dev/images/1759621684767-6hpm33dfjeu.jpeg', 'https://pub-b38679a01a274648827751df94818418.r2.dev/images/1759621689179-c320c25b698.mp4', '', '[]', '[{"name":"10g","price":"170€"},{"name":"25g","price":"320€"},{"name":"50g","price":"600€"},{"name":"100g","price":"1150€"},{"name":"500g","price":"5000€"},{"name":"1kg","price":"9500€"}]', '170€', '2025-10-15 00:47:08', '2025-10-15 02:47:36');
INSERT OR REPLACE INTO products (id, name, description, category, farm, photo, video, image, medias, variants, price, createdAt, updatedAt) VALUES ('228', '-P.M GEORGIA PIE 🇬🇪 🥧 ', '', '71', '46', 'https://pub-b38679a01a274648827751df94818418.r2.dev/images/1759621475109-0painqjm8vis.jpeg', 'https://pub-b38679a01a274648827751df94818418.r2.dev/images/1759621500308-h6qufbz539p.mp4', '', '[]', '[{"name":"10g","price":"170€"},{"name":"25g","price":"320€"},{"name":"50g","price":"600€"},{"name":"100g","price":"1150€"},{"name":"500g","price":"5000€"},{"name":"1kg","price":"9500€"}]', '170€', '2025-10-15 00:47:07', '2025-10-15 02:47:36');
INSERT OR REPLACE INTO products (id, name, description, category, farm, photo, video, image, medias, variants, price, createdAt, updatedAt) VALUES ('227', '- P.M GRAPE N’CREAM 🍇🍦 ', '', '71', '46', 'https://pub-b38679a01a274648827751df94818418.r2.dev/images/1759621391350-itbzry9vgq.jpeg', 'https://pub-b38679a01a274648827751df94818418.r2.dev/images/1759621403509-u7fzkt29cy8.mp4', '', '[]', '[{"name":"10g","price":"170€"},{"name":"25g","price":"320€"},{"name":"50g","price":"600€"},{"name":"100g","price":"1150€"},{"name":"500g","price":"5000€"},{"name":"1kg","price":"9500€"}]', '170€', '2025-10-15 00:47:05', '2025-10-15 02:47:36');
INSERT OR REPLACE INTO products (id, name, description, category, farm, photo, video, image, medias, variants, price, createdAt, updatedAt) VALUES ('226', '- P.M GELATO 41 🍦👅', '', '71', '46', 'https://pub-b38679a01a274648827751df94818418.r2.dev/images/1759621252108-k6yz8h30z0r.jpeg', 'https://pub-b38679a01a274648827751df94818418.r2.dev/images/1759621291559-gio8gga8y85.mp4', '', '[]', '[{"name":"10g","price":"170€"},{"name":"25g","price":"320€"},{"name":"50g","price":"600€"},{"name":"100g","price":"1150€"},{"name":"500g","price":"5000€"},{"name":"1kg","price":"9500€"}]', '170€', '2025-10-15 00:47:03', '2025-10-15 02:47:36');
INSERT OR REPLACE INTO products (id, name, description, category, farm, photo, video, image, medias, variants, price, createdAt, updatedAt) VALUES ('225', '-P.M COOKIES N’CREAM 🍪 🍦 ', '', '71', '46', 'https://pub-b38679a01a274648827751df94818418.r2.dev/images/1759621172576-ts4ju9wb1w.jpeg', 'https://pub-b38679a01a274648827751df94818418.r2.dev/images/1759621177284-1ogavctu4du.mp4', '', '[]', '[{"name":"10g","price":"170€"},{"name":"25g","price":"320€"},{"name":"50g","price":"600€"},{"name":"100g","price":"1150€"},{"name":"500g","price":"5000€"},{"name":"1kg","price":"9500€"}]', '170€', '2025-10-15 00:47:02', '2025-10-15 02:47:36');
INSERT OR REPLACE INTO products (id, name, description, category, farm, photo, video, image, medias, variants, price, createdAt, updatedAt) VALUES ('224', '-P.M PAVÉ 🪞🕦', '', '71', '46', 'https://pub-b38679a01a274648827751df94818418.r2.dev/images/1759621012258-dc125jh5rd.jpeg', 'https://pub-b38679a01a274648827751df94818418.r2.dev/images/1759620990994-wl3ksze76g.mp4', '', '[]', '[{"name":"10g","price":"170€"},{"name":"25g","price":"320€"},{"name":"50g","price":"600€"},{"name":"100g","price":"1150€"},{"name":"500g","price":"5000€"},{"name":"1kg","price":"9500€"}]', '170€', '2025-10-15 00:47:01', '2025-10-15 02:47:36');
INSERT OR REPLACE INTO products (id, name, description, category, farm, photo, video, image, medias, variants, price, createdAt, updatedAt) VALUES ('223', 'Tout nos PSG STATIC USA 🇺🇸', '', '70', '45', 'https://pub-b38679a01a274648827751df94818418.r2.dev/images/1759620850466-r5tuayb7mn8.jpeg', 'https://pub-b38679a01a274648827751df94818418.r2.dev/images/1759620846464-pdeodfrwmo.mp4', '', '[]', '[{"name":"1g","price":"70€"},{"name":"3g","price":"180€"},{"name":"5g","price":"220€"},{"name":"10g","price":"400€"},{"name":"20g","price":"750€"},{"name":"100g","price":"3000€"}]', '70€', '2025-10-15 00:46:59', '2025-10-15 02:47:36');
INSERT OR REPLACE INTO products (id, name, description, category, farm, photo, video, image, medias, variants, price, createdAt, updatedAt) VALUES ('222', 'Upgrade 🚀', '', '69', '45', 'https://pub-b38679a01a274648827751df94818418.r2.dev/images/1759620758241-dbz0cvgiigj.jpeg', 'https://pub-b38679a01a274648827751df94818418.r2.dev/images/1759620754582-rsz55y6l5xn.mp4', '', '[]', '[{"name":"1g","price":"70€"},{"name":"3g","price":"180€"},{"name":"5g","price":"220€"},{"name":"10g","price":"400€"},{"name":"20g","price":"750€"},{"name":"100g","price":"3000€"}]', '70€', '2025-10-15 00:46:58', '2025-10-15 02:47:36');
INSERT OR REPLACE INTO products (id, name, description, category, farm, photo, video, image, medias, variants, price, createdAt, updatedAt) VALUES ('221', 'Lemon cherry Gelato 🍋🍒🍨', '', '69', '45', 'https://pub-b38679a01a274648827751df94818418.r2.dev/images/1759620628488-ovdxv126ood.jpeg', 'https://pub-b38679a01a274648827751df94818418.r2.dev/images/1759620638064-0fvyftq1r60u.mp4', '', '[]', '[{"name":"1g","price":"70€"},{"name":"3g","price":"180€"},{"name":"5g","price":"220€"},{"name":"10g","price":"400€"},{"name":"20g","price":"750€"},{"name":"100g","price":"3000€"}]', '70€', '2025-10-15 00:46:56', '2025-10-15 02:47:36');
INSERT OR REPLACE INTO products (id, name, description, category, farm, photo, video, image, medias, variants, price, createdAt, updatedAt) VALUES ('220', 'Tropicanna X Papaya x mints 🦍', '', '69', '45', 'https://pub-b38679a01a274648827751df94818418.r2.dev/images/1759620555314-g4n14x4adn.jpeg', 'https://pub-b38679a01a274648827751df94818418.r2.dev/images/1759620560806-ks515uda0v9.mp4', '', '[]', '[{"name":"1g","price":"70€"},{"name":"3g","price":"180€"},{"name":"5g","price":"220€"},{"name":"10g","price":"400€"},{"name":"20g","price":"750€"},{"name":"100g","price":"3000€"}]', '70€', '2025-10-15 00:46:55', '2025-10-15 02:47:36');
INSERT OR REPLACE INTO products (id, name, description, category, farm, photo, video, image, medias, variants, price, createdAt, updatedAt) VALUES ('219', 'Tropicanna X upgrade 🦜🏝️', '', '69', '45', 'https://pub-b38679a01a274648827751df94818418.r2.dev/images/1759620456517-m8n2wvpbxs.jpeg', 'https://pub-b38679a01a274648827751df94818418.r2.dev/images/1759620487950-1wj0jmd8mr2.mp4', '', '[]', '[{"name":"1g","price":"70€"},{"name":"3g","price":"180€"},{"name":"5g","price":"220€"},{"name":"10g","price":"400€"},{"name":"20g","price":"750€"},{"name":"100g","price":"3000€"}]', '70€', '2025-10-15 00:46:53', '2025-10-15 02:47:36');
INSERT OR REPLACE INTO products (id, name, description, category, farm, photo, video, image, medias, variants, price, createdAt, updatedAt) VALUES ('218', 'Sugar cake 🍦', '', '69', '45', 'https://pub-b38679a01a274648827751df94818418.r2.dev/images/1759620368644-nj9agu60c4m.jpeg', 'https://pub-b38679a01a274648827751df94818418.r2.dev/images/1759620364569-5sjgv4cveeg.mp4', '', '[]', '[{"name":"1g","price":"70€"},{"name":"3g","price":"180€"},{"name":"5g","price":"220€"},{"name":"10g","price":"400€"},{"name":"20g","price":"750€"},{"name":"100g","price":"3000€"}]', '70€', '2025-10-15 00:46:51', '2025-10-15 02:47:36');
INSERT OR REPLACE INTO products (id, name, description, category, farm, photo, video, image, medias, variants, price, createdAt, updatedAt) VALUES ('217', 'Sherbet 🍇', '', '69', '45', 'https://pub-b38679a01a274648827751df94818418.r2.dev/images/1759620240393-ikgcn3oq7fk.jpeg', 'https://pub-b38679a01a274648827751df94818418.r2.dev/images/1759620280676-326aq7xzpts.mp4', '', '[]', '[{"name":"1g","price":"70€"},{"name":"3g","price":"180€"},{"name":"5g","price":"220€"},{"name":"10g","price":"400€"},{"name":"20g","price":"750€"},{"name":"100g","price":"3000€"}]', '70€', '2025-10-15 00:46:50', '2025-10-15 02:47:36');
INSERT OR REPLACE INTO products (id, name, description, category, farm, photo, video, image, medias, variants, price, createdAt, updatedAt) VALUES ('216', 'lave cake 🌋', '', '69', '45', 'https://pub-b38679a01a274648827751df94818418.r2.dev/images/1759620145140-79wt01synb7.jpeg', 'https://pub-b38679a01a274648827751df94818418.r2.dev/images/1759620156484-04msroxifl1s.mp4', '', '[]', '[{"name":"1g","price":"70€"},{"name":"3g","price":"180€"},{"name":"5g","price":"220€"},{"name":"10g","price":"400€"},{"name":"20g","price":"750€"},{"name":"100g","price":"3000€"}]', '70€', '2025-10-15 00:46:48', '2025-10-15 02:47:36');
INSERT OR REPLACE INTO products (id, name, description, category, farm, photo, video, image, medias, variants, price, createdAt, updatedAt) VALUES ('215', 'Tropicanna X Upgrade 🍒', '', '69', '44', 'https://pub-b38679a01a274648827751df94818418.r2.dev/images/1759555522868-r0etn3ve2uc.jpeg', 'https://pub-b38679a01a274648827751df94818418.r2.dev/images/1759555530176-f5czzoepmtt.mp4', '', '[]', '[{"name":"1g","price":"70€"},{"name":"2g","price":"120€"},{"name":"5g","price":"250€"},{"name":"10g","price":"450€"},{"name":"25g","price":"900€"},{"name":"50g","price":"1700€"}]', '70€', '2025-10-15 00:46:47', '2025-10-15 02:47:36');
INSERT OR REPLACE INTO products (id, name, description, category, farm, photo, video, image, medias, variants, price, createdAt, updatedAt) VALUES ('214', 'Upgrade 🗽', '', '69', '44', 'https://pub-b38679a01a274648827751df94818418.r2.dev/images/1759555466087-9iuxlgob2kq.jpeg', 'https://pub-b38679a01a274648827751df94818418.r2.dev/images/1759555469605-ou39lc8dlh.mp4', '', '[]', '[{"name":"1g","price":"70€"},{"name":"2g","price":"120€"},{"name":"5g","price":"250€"},{"name":"10g","price":"450€"},{"name":"25g","price":"900€"},{"name":"50g","price":"1700€"}]', '70€', '2025-10-15 00:46:45', '2025-10-15 02:47:36');
INSERT OR REPLACE INTO products (id, name, description, category, farm, photo, video, image, medias, variants, price, createdAt, updatedAt) VALUES ('213', 'Papaya 🥭', '', '69', '44', 'https://pub-b38679a01a274648827751df94818418.r2.dev/images/1759555383926-sg8rndr69mk.jpeg', 'https://pub-b38679a01a274648827751df94818418.r2.dev/images/1759555397215-oay4q0mi7cj.mp4', '', '[]', '[{"name":"1g","price":"70€"},{"name":"2g","price":"120€"},{"name":"5g","price":"250€"},{"name":"10g","price":"450€"},{"name":"25g","price":"900€"},{"name":"50g","price":"1700€"}]', '70€', '2025-10-15 00:46:44', '2025-10-15 02:47:36');
INSERT OR REPLACE INTO products (id, name, description, category, farm, photo, video, image, medias, variants, price, createdAt, updatedAt) VALUES ('212', 'pink Starbucks 🌸', '', '68', '43', 'https://pub-b38679a01a274648827751df94818418.r2.dev/images/1759555114856-sngu7dzevzl.jpeg', 'https://pub-b38679a01a274648827751df94818418.r2.dev/images/1759555119629-gdrr0z8flun.mp4', '', '[]', '[]', '0', '2025-10-15 00:46:42', '2025-10-15 02:47:36');
INSERT OR REPLACE INTO products (id, name, description, category, farm, photo, video, image, medias, variants, price, createdAt, updatedAt) VALUES ('211', 'permanente Marker 🧠', '', '68', '43', 'https://pub-b38679a01a274648827751df94818418.r2.dev/images/1759555022310-zw7uk4b99vq.jpeg', 'https://pub-b38679a01a274648827751df94818418.r2.dev/images/1759555051415-z7svj5kdrgr.mp4', '', '[]', '[]', '0', '2025-10-15 00:46:41', '2025-10-15 02:47:36');
INSERT OR REPLACE INTO products (id, name, description, category, farm, photo, video, image, medias, variants, price, createdAt, updatedAt) VALUES ('210', 'rigelline Runtz 💫 ', '', '68', '43', 'https://pub-b38679a01a274648827751df94818418.r2.dev/images/1759554929606-60a6as9huz7.jpeg', 'https://pub-b38679a01a274648827751df94818418.r2.dev/images/1759554933951-q8ail2d05ta.mp4', '', '[]', '[]', '0', '2025-10-15 00:46:39', '2025-10-15 02:47:36');
INSERT OR REPLACE INTO products (id, name, description, category, farm, photo, video, image, medias, variants, price, createdAt, updatedAt) VALUES ('203', 'Zkittles', '', '65', '39', 'https://pub-b38679a01a274648827751df94818418.r2.dev/images/1759553754564-dnaa50mz0k9.jpeg', 'https://pub-b38679a01a274648827751df94818418.r2.dev/images/1759553840508-tbxcx35g9wk.mp4', '', '[]', '[{"name":"5g","price":"100€"},{"name":"10g","price":"180€"},{"name":"20g","price":"350€"},{"name":"50g","price":"700€"},{"name":"100g","price":"1300€"}]', '100€', '2025-10-15 00:46:30', '2025-10-15 02:47:36');
INSERT OR REPLACE INTO products (id, name, description, category, farm, photo, video, image, medias, variants, price, createdAt, updatedAt) VALUES ('202', 'Zwah x Papaya ', '', '65', '39', 'https://pub-b38679a01a274648827751df94818418.r2.dev/images/1759553667056-n6jto6e20pc.jpeg', 'https://pub-b38679a01a274648827751df94818418.r2.dev/images/1759553670626-38y4cqperw9.mp4', '', '[]', '[{"name":"5g","price":"100€"},{"name":"10g","price":"180€"},{"name":"20g","price":"350€"},{"name":"50g","price":"700€"},{"name":"100g","price":"1300€"}]', '100€', '2025-10-15 00:46:29', '2025-10-15 02:47:36');
INSERT OR REPLACE INTO products (id, name, description, category, farm, photo, video, image, medias, variants, price, createdAt, updatedAt) VALUES ('201', 'Purple punch 🍇🥊', 'EGG 120u PREMIUM ', '65', '40', 'https://pub-b38679a01a274648827751df94818418.r2.dev/images/1759478275891-usn6zt72hr.jpeg', 'https://pub-b38679a01a274648827751df94818418.r2.dev/images/1759478281535-o01bjh6x0za.mp4', '', '[]', '[{"name":"5g","price":"70€"},{"name":"10g","price":"130€"},{"name":"20g","price":"250€"},{"name":"30g","price":"360€"},{"name":"50g","price":"450€"},{"name":"100g","price":"900€"},{"name":"200g","price":"1700€"}]', '70€', '2025-10-15 00:46:28', '2025-10-15 02:47:36');
INSERT OR REPLACE INTO products (id, name, description, category, farm, photo, video, image, medias, variants, price, createdAt, updatedAt) VALUES ('200', 'Zmo x Papaya ', '', '65', '39', 'https://pub-b38679a01a274648827751df94818418.r2.dev/images/1759478052297-tv0k0ny3fh7.jpeg', 'https://pub-b38679a01a274648827751df94818418.r2.dev/images/1759478063812-i58pm2f1o3.mp4', '', '[]', '[{"name":"5g","price":"100€"},{"name":"10g","price":"180€"},{"name":"20g","price":"350€"},{"name":"50g","price":"700€"},{"name":"100g","price":"1300€"}]', '100€', '2025-10-15 00:46:26', '2025-10-15 02:47:36');
INSERT OR REPLACE INTO products (id, name, description, category, farm, photo, video, image, medias, variants, price, createdAt, updatedAt) VALUES ('199', 'CHABONNAY BISCUIT 🍪 ', '', '65', '39', 'https://pub-b38679a01a274648827751df94818418.r2.dev/images/1759477967813-k4ajlvmqz9.jpeg', 'https://pub-b38679a01a274648827751df94818418.r2.dev/images/1759477972523-2p4th6w8pgd.mp4', '', '[]', '[{"name":"5g","price":"100€"},{"name":"10g","price":"180€"},{"name":"20g","price":"350€"},{"name":"50g","price":"700€"},{"name":"100g","price":"1300€"}]', '100€', '2025-10-15 00:46:25', '2025-10-15 02:47:36');
INSERT OR REPLACE INTO products (id, name, description, category, farm, photo, video, image, medias, variants, price, createdAt, updatedAt) VALUES ('198', 'Grapes 🍇', 'sec petant 10/10 top fresh Frozen a muter semi glassy foudre.', '55', '38', 'https://pub-b38679a01a274648827751df94818418.r2.dev/images/1757952225359-wxdunjr367.jpeg', '', '', '[]', '[{"name":"10g","price":"160€"},{"name":"20g","price":"320€"},{"name":"50g","price":"650€"},{"name":"100g","price":"1250€"}]', '160€', '2025-10-15 00:46:23', '2025-10-15 02:47:36');
INSERT OR REPLACE INTO products (id, name, description, category, farm, photo, video, image, medias, variants, price, createdAt, updatedAt) VALUES ('197', 'Gelato 41 🍦', 'sec petant 10/10 top fresh Frozen a muter semi glassy foudre.', '55', '38', 'https://pub-b38679a01a274648827751df94818418.r2.dev/images/1757952101463-beq0gygy896.jpeg', '', '', '[]', '[{"name":"10g","price":"160€"},{"name":"20g","price":"320€"},{"name":"50g","price":"650€"},{"name":"100g","price":"1250€"}]', '160€', '2025-10-15 00:46:22', '2025-10-15 02:47:36');
INSERT OR REPLACE INTO products (id, name, description, category, farm, photo, video, image, medias, variants, price, createdAt, updatedAt) VALUES ('196', 'Berry Pie 🥧', 'sec petant 10/10 top fresh Frozen a muter semi glassy foudre.', '55', '38', 'https://pub-b38679a01a274648827751df94818418.r2.dev/images/1757951930373-qxa3yxjf7ri.jpeg', '', '', '[]', '[{"name":"10g","price":"160€"},{"name":"20g","price":"320€"},{"name":"50g","price":"650€"},{"name":"100g","price":"1250€"}]', '160€', '2025-10-15 00:46:21', '2025-10-15 02:47:36');
INSERT OR REPLACE INTO products (id, name, description, category, farm, photo, video, image, medias, variants, price, createdAt, updatedAt) VALUES ('195', 'Lemon Mint 🍋', 'sec petant 10/10 top fresh Frozen a muter semi glassy foudre.', '55', '38', 'https://pub-b38679a01a274648827751df94818418.r2.dev/images/1757951778498-rip54rn23h9.jpeg', '', '', '[]', '[{"name":"10g","price":"160€"},{"name":"20g","price":"320€"},{"name":"50g","price":"650€"},{"name":"100g","price":"1250€"}]', '160€', '2025-10-15 00:46:19', '2025-10-15 02:47:36');
INSERT OR REPLACE INTO products (id, name, description, category, farm, photo, video, image, medias, variants, price, createdAt, updatedAt) VALUES ('194', 'Cookie 🍪', 'sec petant 10/10 top fresh Frozen a muter semi glassy foudre.', '55', '38', 'https://pub-b38679a01a274648827751df94818418.r2.dev/images/1757951627675-6d8hc9p2yoa.jpeg', '', '', '[]', '[{"name":"10g","price":"160€"},{"name":"20g","price":"320€"},{"name":"50g","price":"650€"},{"name":"100g","price":"1250€"}]', '160€', '2025-10-15 00:46:18', '2025-10-15 02:47:36');
INSERT OR REPLACE INTO products (id, name, description, category, farm, photo, video, image, medias, variants, price, createdAt, updatedAt) VALUES ('191', 'Riez Cherry 🍒 ', 'TOP SHELF 5A DISTRO usa 🇺🇸  10/10 top quality', '63', '37', 'https://pub-b38679a01a274648827751df94818418.r2.dev/images/1757948228680-uhmr36t2zkt.jpeg', '', '', '[]', '[]', '0', '2025-10-15 00:46:17', '2025-10-15 02:47:36');
INSERT OR REPLACE INTO products (id, name, description, category, farm, photo, video, image, medias, variants, price, createdAt, updatedAt) VALUES ('190', 'Gruntz 🏀🌈', 'TOP SHELF 5A DISTRO usa 🇺🇸  10/10 top quality', '63', '37', 'https://pub-b38679a01a274648827751df94818418.r2.dev/images/1757948176123-3wk90polfar.jpeg', '', '', '[]', '[]', '0', '2025-10-15 00:46:15', '2025-10-15 02:47:36');
INSERT OR REPLACE INTO products (id, name, description, category, farm, photo, video, image, medias, variants, price, createdAt, updatedAt) VALUES ('189', 'Yaya Runtz 💥', '', '63', '37', 'https://pub-b38679a01a274648827751df94818418.r2.dev/images/1757948126628-7476bl6885a.jpeg', '', '', '[]', '[]', '0', '2025-10-15 00:46:14', '2025-10-15 02:47:36');
INSERT OR REPLACE INTO products (id, name, description, category, farm, photo, video, image, medias, variants, price, createdAt, updatedAt) VALUES ('188', 'Garlic Runtz 🌈', 'TOP SHELF 5A DISTRO usa 🇺🇸  10/10 top quality', '63', '37', 'https://pub-b38679a01a274648827751df94818418.r2.dev/images/1757948025736-spj3n0q9gdr.jpeg', '', '', '[]', '[]', '0', '2025-10-15 00:46:12', '2025-10-15 02:47:36');
INSERT OR REPLACE INTO products (id, name, description, category, farm, photo, video, image, medias, variants, price, createdAt, updatedAt) VALUES ('187', 'Black cherry 🍒 ', 'TOP SHELF 5A DISTRO usa 🇺🇸  10/10 top quality', '63', '37', 'https://pub-b38679a01a274648827751df94818418.r2.dev/images/1757947931093-p2lavwgv9re.jpeg', '', '', '[]', '[]', '0', '2025-10-15 00:46:11', '2025-10-15 02:47:36');
INSERT OR REPLACE INTO products (id, name, description, category, farm, photo, video, image, medias, variants, price, createdAt, updatedAt) VALUES ('186', 'Brock x purby  🍻 ', 'TOP SHELF 5A DISTRO usa 🇺🇸  10/10 top quality', '63', '37', 'https://pub-b38679a01a274648827751df94818418.r2.dev/images/1757947858075-vtv52v2wak.jpeg', '', '', '[]', '[]', '0', '2025-10-15 00:46:09', '2025-10-15 02:47:36');
INSERT OR REPLACE INTO products (id, name, description, category, farm, photo, video, image, medias, variants, price, createdAt, updatedAt) VALUES ('180', 'Maine Lobster 🦀 ', 'Pour les amateurs de grande viande et de poisson 🇺🇸 🇺🇸 ', '60', '36', 'https://pub-b38679a01a274648827751df94818418.r2.dev/images/1757853631959-6px2mag6cj3.jpeg', 'https://pub-b38679a01a274648827751df94818418.r2.dev/images/1759621768053-q2fppvhgszc.mp4', '', '[]', '[]', '0', '2025-10-15 00:46:08', '2025-10-15 02:47:36');
INSERT OR REPLACE INTO products (id, name, description, category, farm, photo, video, image, medias, variants, price, createdAt, updatedAt) VALUES ('179', 'WAGYU 🐄 ', 'Pour les amateurs de grande viande et de poisson 🇺🇸 🇺🇸 ', '60', '36', 'https://pub-b38679a01a274648827751df94818418.r2.dev/images/1757853486144-q96sn8wrwql.jpeg', 'https://pub-b38679a01a274648827751df94818418.r2.dev/images/1759621782994-gyicp13glv6.mp4', '', '[]', '[]', '0', '2025-10-15 00:46:07', '2025-10-15 02:47:36');
INSERT OR REPLACE INTO products (id, name, description, category, farm, photo, video, image, medias, variants, price, createdAt, updatedAt) VALUES ('178', 'Zang Banger 💥', 'série limitee disponible 2 mois au usa 🇺🇸 la famille unique revendeurs en France 🇫🇷  Les jar on est 2-3 à avoir Les Bags impossible à trouver', '60', '35', 'https://pub-b38679a01a274648827751df94818418.r2.dev/images/1757853077026-i5jdfxja9ra.jpeg', 'https://pub-b38679a01a274648827751df94818418.r2.dev/images/1757853103864-sa5cw653fw.mp4', '', '[]', '[]', '0', '2025-10-15 00:46:05', '2025-10-15 02:47:36');
INSERT OR REPLACE INTO products (id, name, description, category, farm, photo, video, image, medias, variants, price, createdAt, updatedAt) VALUES ('177', 'Zoza ', 'Jar officiel Wizzard trees 🇺🇸 limitée best drop Exclusif', '60', '35', 'https://pub-b38679a01a274648827751df94818418.r2.dev/images/1757849560666-0qob9p3f2f6i.jpeg', 'https://pub-b38679a01a274648827751df94818418.r2.dev/images/1757849564711-fpugsryvrap.mp4', '', '[]', '[]', '0', '2025-10-15 00:46:03', '2025-10-15 02:47:36');
INSERT OR REPLACE INTO products (id, name, description, category, farm, photo, video, image, medias, variants, price, createdAt, updatedAt) VALUES ('176', 'New Yorker ', 'Jar officiel Wizzard trees 🇺🇸 limitée best drop Exclusif', '60', '35', 'https://pub-b38679a01a274648827751df94818418.r2.dev/images/1757849457541-v11887m9m0r.jpeg', 'https://pub-b38679a01a274648827751df94818418.r2.dev/images/1757849463054-1y390xk8nkjj.mp4', '', '[]', '[]', '0', '2025-10-15 00:46:02', '2025-10-15 02:47:36');
INSERT OR REPLACE INTO products (id, name, description, category, farm, photo, video, image, medias, variants, price, createdAt, updatedAt) VALUES ('175', 'Blue Magic ', 'Jar officiel Wizzard trees 🇺🇸 limitée best drop Exclusif', '60', '35', 'https://pub-b38679a01a274648827751df94818418.r2.dev/images/1757849312468-mw60syqpgeg.jpeg', 'https://pub-b38679a01a274648827751df94818418.r2.dev/images/1757849318486-ujjn5u004nd.mp4', '', '[]', '[]', '0', '2025-10-15 00:46:00', '2025-10-15 02:47:36');
INSERT OR REPLACE INTO products (id, name, description, category, farm, photo, video, image, medias, variants, price, createdAt, updatedAt) VALUES ('174', 'Orange Magic ', 'Jar officiel Wizzard trees 🇺🇸 limitée best drop Exclusif', '60', '35', 'https://pub-b38679a01a274648827751df94818418.r2.dev/images/1757849143794-4bbvuxl9m7j.jpeg', 'https://pub-b38679a01a274648827751df94818418.r2.dev/images/1757849147637-1ntlvsuos6j.mp4', '', '[]', '[]', '0', '2025-10-15 00:45:59', '2025-10-15 02:47:36');
INSERT OR REPLACE INTO products (id, name, description, category, farm, photo, video, image, medias, variants, price, createdAt, updatedAt) VALUES ('169', 'Guava Ice ⚫️', '', '56', '34', 'https://pub-b38679a01a274648827751df94818418.r2.dev/images/1757694736993-8uv8atxa4ia.jpeg', '', '', '[]', '[{"name":"5g","price":"200€"},{"name":"10g","price":"400€"}]', '200€', '2025-10-15 00:45:57', '2025-10-15 02:47:36');
INSERT OR REPLACE INTO products (id, name, description, category, farm, photo, video, image, medias, variants, price, createdAt, updatedAt) VALUES ('155', 'G21 haze ', 'Flower Coffee shop hollandaise 🇳🇱 🇳🇱 croustillante puante', '45', '20', 'https://ik.imagekit.io/hu9k5wipa/products/images/G21-haze--main_83mXyOvpb.jpg', 'https://pub-b38679a01a274648827751df94818418.r2.dev/images/1757156878956-edfmcseu7g4.mp4', '', '[]', '[{"name":"5g","price":"80€"},{"name":"10g","price":"100€"},{"name":"25g","price":"180€"},{"name":"50g","price":"300€"},{"name":"100g","price":"600€"}]', '80€', '2025-10-15 00:45:55', '2025-10-15 02:47:36');
INSERT OR REPLACE INTO products (id, name, description, category, farm, photo, video, image, medias, variants, price, createdAt, updatedAt) VALUES ('154', 'Docteur grinspoon ', 'Flower Coffee shop hollandaise 🇳🇱 🇳🇱 croustillante puante', '45', '20', 'https://ik.imagekit.io/hu9k5wipa/products/images/Docteur-grinspoon--main_fqZJRkzmx.jpg', 'https://pub-b38679a01a274648827751df94818418.r2.dev/images/1757156585560-5cln1u8a6sp.mp4', '', '[]', '[{"name":"5g","price":"50€"},{"name":"10g","price":"100€"},{"name":"25g","price":"180€"},{"name":"50g","price":"300€"},{"name":"100g","price":"600€"}]', '50€', '2025-10-15 00:45:54', '2025-10-15 02:47:36');
INSERT OR REPLACE INTO products (id, name, description, category, farm, photo, video, image, medias, variants, price, createdAt, updatedAt) VALUES ('153', 'Godzilla haze ', 'Flower Coffee shop hollandaise 🇳🇱 🇳🇱 croustillante puante', '45', '20', 'https://ik.imagekit.io/hu9k5wipa/products/images/Godzilla-haze--main_xLYgdNvDF2.jpg', 'https://pub-b38679a01a274648827751df94818418.r2.dev/images/1757156842005-tyzuxp66rc.mp4', '', '[]', '[{"name":"5g","price":"80€"},{"name":"10g","price":"100€"},{"name":"25g","price":"180€"},{"name":"50g","price":"300€"},{"name":"100g","price":"600€"}]', '80€', '2025-10-15 00:45:53', '2025-10-15 02:47:36');
INSERT OR REPLACE INTO products (id, name, description, category, farm, photo, video, image, medias, variants, price, createdAt, updatedAt) VALUES ('152', 'Forbidden fruit', 'Flower Coffee shop hollandaise 🇳🇱 🇳🇱 croustillante puante', '45', '20', 'https://ik.imagekit.io/hu9k5wipa/products/images/Forbidden-fruit-main_3qB1M4HLK.jpg', 'https://pub-b38679a01a274648827751df94818418.r2.dev/images/1757156954398-k688haihzig.mp4', '', '[]', '[{"name":"5g","price":"50€"},{"name":"10g","price":"100€"},{"name":"25g","price":"180€"},{"name":"50g","price":"300€"},{"name":"100g","price":"600€"}]', '50€', '2025-10-15 00:45:51', '2025-10-15 02:47:36');
INSERT OR REPLACE INTO products (id, name, description, category, farm, photo, video, image, medias, variants, price, createdAt, updatedAt) VALUES ('141', 'Guava gelonade 🔥', 'top shelf usa 🇺🇸 10/10 top quality météorite ☄️ ', '46', '30', 'https://ik.imagekit.io/hu9k5wipa/products/images/Guava-gelonade----main_BY0bDdoK6.jpg', 'https://pub-b38679a01a274648827751df94818418.r2.dev/images/1757157054911-knp641cxf8.mp4', '', '[]', '[{"name":"5g","price":"80€"},{"name":"10g","price":"160€"},{"name":"25g","price":"300€"},{"name":"50g","price":"550€"},{"name":"100g","price":"1100€"}]', '80€', '2025-10-15 00:45:50', '2025-10-15 02:47:36');
INSERT OR REPLACE INTO products (id, name, description, category, farm, photo, video, image, medias, variants, price, createdAt, updatedAt) VALUES ('128', 'Wizzard 🔥', 'top shelf usa 🇺🇸 10/10 top quality météorite ☄️ ', '46', '30', 'https://ik.imagekit.io/hu9k5wipa/products/images/Wizzard----main_xhqU2usoN.jpg', 'https://iframe.videodelivery.net/462984f7c53ec242b8d8d2901c447d1a', '', '[]', '[{"name":"5g","price":"80€"},{"name":"10g","price":"160€"},{"name":"25g","price":"300€"},{"name":"100g","price":"1100€"}]', '80€', '2025-10-15 00:45:48', '2025-10-15 02:47:36');
INSERT OR REPLACE INTO products (id, name, description, category, farm, photo, video, image, medias, variants, price, createdAt, updatedAt) VALUES ('127', 'Gummies 🔥', 'top shelf usa 🇺🇸 10/10 top quality météorite ☄️ ', '46', '30', 'https://ik.imagekit.io/hu9k5wipa/products/images/Gummies----main_Apw7RU7Ln.jpg', 'https://iframe.videodelivery.net/f4610ce92e6b91668c45822afd8f026e', '', '[]', '[{"name":"5g","price":"80€"},{"name":"10g","price":"160€"},{"name":"25g","price":"300€"},{"name":"50g","price":"550€"},{"name":"100g","price":"1100€"}]', '80€', '2025-10-15 00:45:47', '2025-10-15 02:47:36');
INSERT OR REPLACE INTO products (id, name, description, category, farm, photo, video, image, medias, variants, price, createdAt, updatedAt) VALUES ('126', 'C41 🔥', 'top shelf usa 🇺🇸 10/10 top quality météorite ☄️ ', '46', '30', 'https://ik.imagekit.io/hu9k5wipa/products/images/C41----main__nglXMiqi.jpg', '?tr=w-854,h-480,q-50,f-mp4,pr-true', '', '[]', '[{"name":"5g","price":"80€"},{"name":"10g","price":"160€"},{"name":"25g","price":"300€"},{"name":"50g","price":"550€"},{"name":"100g","price":"1100€"}]', '80€', '2025-10-15 00:45:45', '2025-10-15 02:47:36');
INSERT OR REPLACE INTO products (id, name, description, category, farm, photo, video, image, medias, variants, price, createdAt, updatedAt) VALUES ('125', 'RS11 🔥', 'top shelf usa 🇺🇸 10/10 top quality météorite ☄️ ', '46', '30', 'https://ik.imagekit.io/hu9k5wipa/products/images/RS11----main_W0IFh5Kf1.jpg', '?tr=w-854,h-480,q-50,f-mp4,pr-true', '', '[]', '[{"name":"5g","price":"80€"},{"name":"10g","price":"160€"},{"name":"25g","price":"300€"},{"name":"50g","price":"550€"},{"name":"100g","price":"1100€"}]', '80€', '2025-10-15 00:45:44', '2025-10-15 02:47:36');
INSERT OR REPLACE INTO products (id, name, description, category, farm, photo, video, image, medias, variants, price, createdAt, updatedAt) VALUES ('124', 'Pink gelato 🔥', 'top shelf usa 🇺🇸 10/10 top quality météorite ☄️ ', '46', '30', 'https://ik.imagekit.io/hu9k5wipa/products/images/Pink-gelato----main_f2GZxWqnn.jpg', '?tr=w-854,h-480,q-50,f-mp4,pr-true', '', '[]', '[{"name":"5g","price":"80€"},{"name":"10g","price":"160€"},{"name":"25g","price":"300€"},{"name":"50g","price":"550€"},{"name":"100g","price":"1100€"}]', '80€', '2025-10-15 00:45:42', '2025-10-15 02:47:36');
INSERT OR REPLACE INTO products (id, name, description, category, farm, photo, video, image, medias, variants, price, createdAt, updatedAt) VALUES ('123', 'Pinky Runtz 🔥', 'top shelf usa 🇺🇸 10/10 top quality météorite ☄️ ', '46', '30', 'https://ik.imagekit.io/hu9k5wipa/products/images/Pinky-Runtz----main_hCCOuKnwX.jpg', 'https://iframe.videodelivery.net/2fd10d3690b14e459f17d6b6aaf18aae', '', '[]', '[{"name":"5g","price":"80€"},{"name":"10g","price":"160€"},{"name":"25g","price":"300€"},{"name":"50g","price":"550€"},{"name":"100g","price":"1100€"}]', '80€', '2025-10-15 00:45:41', '2025-10-15 02:47:36');
INSERT OR REPLACE INTO products (id, name, description, category, farm, photo, video, image, medias, variants, price, createdAt, updatedAt) VALUES ('122', 'Runtz R5', 'top shelf usa 🇺🇸 10/10 top quality météorite ☄️ ', '46', '30', 'https://ik.imagekit.io/hu9k5wipa/products/images/Runtz-R5-main_tFKnGtRWMS.jpg', '?tr=w-854,h-480,q-50,f-mp4,pr-true', '', '[]', '[{"name":"5g","price":"80€"},{"name":"10g","price":"160€"},{"name":"25g","price":"300€"},{"name":"50g","price":"550€"},{"name":"100g","price":"1100€"}]', '80€', '2025-10-15 00:45:39', '2025-10-15 02:47:36');
INSERT OR REPLACE INTO products (id, name, description, category, farm, photo, video, image, medias, variants, price, createdAt, updatedAt) VALUES ('121', 'Runtz 16 🔥', 'top shelf usa 🇺🇸 10/10 top quality météorite ☄️ ', '46', '30', 'https://ik.imagekit.io/hu9k5wipa/products/images/Runtz-16----main_P8_JCgHra.jpg', '?tr=w-854,h-480,q-50,f-mp4,pr-true', '', '[]', '[{"name":"5g","price":"80€"},{"name":"10g","price":"160€"},{"name":"25g","price":"300€"},{"name":"50g","price":"550€"},{"name":"100g","price":"1100€"}]', '80€', '2025-10-15 00:45:38', '2025-10-15 02:47:36');
INSERT OR REPLACE INTO products (id, name, description, category, farm, photo, video, image, medias, variants, price, createdAt, updatedAt) VALUES ('120', 'Amnesia haze pro 🔥', 'Flower Coffee shop hollandaise 🇳🇱 🇳🇱 croustillante puante', '45', '20', 'https://ik.imagekit.io/hu9k5wipa/products/images/Amnesia-haze-pro----main_U704tE91g.jpg', 'https://pub-b38679a01a274648827751df94818418.r2.dev/images/1757157105567-bfhzufb9lgd.mp4', '', '[]', '[{"name":"5g","price":"50€"},{"name":"10g","price":"100€"},{"name":"25g","price":"180€"},{"name":"50g","price":"300€"},{"name":"100g","price":"600€"}]', '50€', '2025-10-15 00:45:36', '2025-10-15 02:47:36');
INSERT OR REPLACE INTO products (id, name, description, category, farm, photo, video, image, medias, variants, price, createdAt, updatedAt) VALUES ('119', 'Galactic cream 🔥', 'top shelf usa 🇺🇸 10/10 top quality météorite ☄️ ', '46', '30', 'https://ik.imagekit.io/hu9k5wipa/products/images/Galactic-cream----main_Jk4lYZKB8.jpg', '?tr=w-854,h-480,q-50,f-mp4,pr-true', '', '[]', '[{"name":"5g","price":"80€"},{"name":"10g","price":"160€"},{"name":"25g","price":"300€"},{"name":"50g","price":"550€"},{"name":"100g","price":"1100€"}]', '80€', '2025-10-15 00:45:35', '2025-10-15 02:47:36');
INSERT OR REPLACE INTO socials (id, name, icon, description, url, createdAt) VALUES ('1760504996340', ' TELEGRAM OFFICIEL', '🆔', ' ', 'https://t.me/+UcjK8ACxPBcxODU0', '2025-10-15T18:07:50.743Z');
INSERT OR REPLACE INTO socials (id, name, icon, description, url, createdAt) VALUES ('1760505027901', 'TELEGRAM REDIRECTION ', '🆔', ' ', 'https://t.me/+zAguLpsZgFkxZTI0', '2025-10-15T18:07:50.743Z');
INSERT OR REPLACE INTO socials (id, name, icon, description, url, createdAt) VALUES ('1760505051932', ' BOT MINI APP 3.0', '🆔', ' ', 'http://t.me/CALITEKBOTBOT', '2025-10-15T18:07:50.743Z');
INSERT OR REPLACE INTO socials (id, name, icon, description, url, createdAt) VALUES ('1760505083459', ' POTATO OFFICIEL', '🆔', ' ', 'https://ptwdym158.org/calitekfrance', '2025-10-15T18:07:50.743Z');
INSERT OR REPLACE INTO socials (id, name, icon, description, url, createdAt) VALUES ('1760505105372', 'POTATO VITRINE', '🆔', ' ', 'https://ptwdym158.org/vitrinecalitek2025', '2025-10-15T18:07:50.743Z');
INSERT OR REPLACE INTO socials (id, name, icon, description, url, createdAt) VALUES ('1760505120892', 'INSTAGRAM', '🆔', ' ', 'https://www.instagram.com/calitek_officiel?igsh=MWJseWRuNG1wZXVuOA%3D%3D&utm_source=qr', '2025-10-15T18:07:50.743Z');
INSERT OR REPLACE INTO socials (id, name, icon, description, url, createdAt) VALUES ('1760505135644', 'LUFFA OFFICIEL', '🆔', ' ', 'https://callup.luffa.im/c/PtRGz5zffeb', '2025-10-15T18:07:50.743Z');
INSERT OR REPLACE INTO socials (id, name, icon, description, url, createdAt) VALUES ('1760505153459', 'POUR COMMANDER', '🆔', ' ', 'http://wa.me/33620056669', '2025-10-15T18:07:50.743Z');
INSERT OR REPLACE INTO socials (id, name, icon, description, url, createdAt) VALUES ('1760505178980', 'INFO SAV 1', 'ℹ️', ' ', 'https://t.me/tektekofficiel', '2025-10-15T18:07:50.743Z');
INSERT OR REPLACE INTO socials (id, name, icon, description, url, createdAt) VALUES ('1760505195348', 'INFO SAV 2', 'ℹ️', ' ', 'https://t.me/savtektek', '2025-10-15T18:07:50.743Z');
INSERT OR REPLACE INTO settings (key, value, updated_at) VALUES ('sections', '{"key":"sections","sections":[{"icon":"https://pub-bfd3c1d6df2a4c7bb878eabd4bc9c4ec.r2.dev/1760487855518-1760268026387-5s5oducnfw3.jpeg","title":"Nos Services","content":"Livraison en Île-de-France\nNous livrons dans toute l’Île-de-France à partir de 120 € de commande.\n\n📍 Retrait sur place disponible dans les départements 94 et 91 à partir de 150 €.\n\n📦 Livraison à domicile dès 150 € de commande.\n🎁 Et à partir de 300 €, la livraison est offerte !\n\n📦 Commande minimum de 150 € — Frais de port offerts dès 300 € !\n🚚 Livraison rapide partout en 🇫🇷\n💯 En cas de souci, reship garanti à 100 % !"}],"updatedAt":"2025-10-15T00:24:27.940Z"}', '2025-10-15T18:07:50.743Z');
INSERT OR REPLACE INTO settings (key, value, updated_at) VALUES ('general', '{"id":"general","key":"general","shopName":"CALITEK","heroTitle":"CALITEK","heroSubtitle":"X  FRAPPEIDF","backgroundImage":"https://pub-bfd3c1d6df2a4c7bb878eabd4bc9c4ec.r2.dev/1760487839358-1760268026387-5s5oducnfw3.jpeg","updatedAt":"2025-10-15T00:24:27.414Z","maintenanceMode":false,"maintenanceMessage":"🔧 Site en maintenance\n\nNous effectuons actuellement des améliorations.\nNous serons bientôt de retour !"}', '2025-10-15T18:07:50.743Z');
INSERT OR REPLACE INTO settings (key, value, updated_at) VALUES ('orderSettings', '{"key":"orderSettings","orderLink":"https://wa.me/33123456789","orderButtonText":"Commander"}', '2025-10-15T18:07:50.743Z');

-- Vérifier les données
SELECT 'Catégories:' as table_name, COUNT(*) as count FROM categories
UNION ALL
SELECT 'Farms:', COUNT(*) FROM farms
UNION ALL
SELECT 'Produits:', COUNT(*) FROM products
UNION ALL
SELECT 'Réseaux sociaux:', COUNT(*) FROM socials
UNION ALL
SELECT 'Settings:', COUNT(*) FROM settings;
